date,temperaturemin,temperaturemax,precipitation,snowfall,snowdepth,avgwindspeed,fastest2minwinddir,fastest2minwindspeed,fastest5secwinddir,fastest5secwindspeed,fog,fogheavy,mist,rain,fogground,ice,glaze,drizzle,snow,freezingrain,smokehaze,thunder,highwind,hail,blowingsnow,dust,freezingfog
2017-12-17,27.1,51.1,0,0,0,2.24,240,10.07,200,12.08,No,No,No,No,No,No,No,No,No,No,Yes,No,No,No,No,No,No
2017-12-19,36,70,0,0,0,4.47,230,14.09,240,17,Yes,No,No,No,No,No,No,No,No,No,No,No,No,No,No,No,No
2017-12-28,18.1,30.2,0,0,0,7.83,70,16.11,80,21.03,No,No,No,No,No,No,No,No,No,No,No,No,No,No,No,No,No
2017-12-31,23.2,35.1,0,0,0,10.07,50,18.12,50,23.94,No,No,No,No,No,No,No,No,No,No,No,No,No,No,No,No,No
2018-01-02,12.2,32,0,0,0,2.91,30,10.07,20,14.09,No,No,No,No,No,No,No,No,No,No,No,No,No,No,No,No,No
2018-01-10,43,61,0,0,0,4.92,90,10.07,100,17,No,No,No,No,No,No,No,No,No,No,No,No,No,No,No,No,No
2018-01-18,10.2,34,0,0.2,5.91,5.59,270,12.97,320,19.01,No,No,No,No,No,No,No,No,No,No,No,No,No,No,No,No,No
2018-01-20,26.2,55.9,0,0,1.18,5.59,220,12.97,230,16.11,No,No,No,No,No,No,No,No,No,No,No,No,No,No,No,No,No
2018-01-22,37.9,62.1,0,0,0,4.7,190,18.12,200,25.05,No,No,No,No,No,No,No,No,No,No,No,No,No,No,No,No,No
2018-01-27,31.1,66.9,0,0,0,6.26,170,17,190,21.92,No,No,No,No,No,No,No,No,No,No,No,No,No,No,No,No,No
2018-01-29,33.1,52,0.59,0,0,8.05,360,14.99,20,25.05,Yes,No,No,No,No,No,No,No,No,No,No,No,No,No,No,No,No
2018-02-01,31.1,62.1,0,0,0,13.2,240,25.05,230,31.09,No,No,No,No,No,No,No,No,No,No,No,No,No,No,No,No,No
2018-02-07,44.1,64.9,0.21,0,0,8.5,190,21.92,200,29.97,Yes,No,No,No,No,No,No,No,No,No,No,No,No,No,No,No,No
2018-02-13,37,44.1,0,0,0,8.72,50,17,50,21.92,Yes,No,No,No,No,No,No,No,No,No,No,No,No,No,No,No,No
2018-02-16,55.9,81,0.02,0,0,13.42,230,25.95,230,33.11,Yes,No,No,No,No,No,No,No,No,No,No,No,No,No,No,No,No
2018-02-20,50,72,0,0,0,3.36,200,12.97,190,17,Yes,Yes,No,No,No,No,No,No,No,No,No,No,No,No,No,No,No
2018-02-28,39,57,0.07,0,0,4.92,220,12.97,200,16.11,Yes,No,No,No,No,No,No,No,No,No,No,No,No,No,No,No,No
2018-03-05,26.2,54,0,0,0,4.7,50,12.97,50,19.91,No,No,No,No,No,No,No,No,No,No,No,No,No,No,No,No,No
2018-03-08,27.1,46.9,0,0,0,4.47,250,16.11,310,25.05,No,No,No,No,No,No,No,No,No,No,No,No,No,No,No,No,No
2018-03-11,37.9,48.9,0.21,0,0,7.83,80,16.11,80,21.92,Yes,No,No,No,No,No,No,No,No,No,No,No,No,No,No,No,No
2018-03-12,32,37.9,0.92,1.42,0,7.16,30,14.09,30,19.91,Yes,No,No,No,No,Yes,No,No,No,No,No,No,No,No,No,No,No
2018-03-15,24.3,64.9,0,0,0,11.63,230,29.97,240,42.05,No,No,No,No,No,No,No,No,No,No,No,No,No,No,No,No,No
2018-03-18,39.9,60.1,0.01,0,0,6.04,40,16.11,40,21.92,Yes,No,No,No,No,No,No,No,No,No,No,No,No,No,No,No,No
2018-03-23,27.1,55.9,0,0,0,3.8,270,16.11,260,23.04,No,No,No,No,No,No,No,No,No,No,No,No,No,No,No,No,No
2018-03-28,43,75.9,0,0,0,10.74,240,21.92,230,29.08,Yes,No,No,No,No,No,No,No,No,No,No,No,No,No,No,No,No
2018-04-01,41,75,0,0,0,7.61,230,16.11,240,19.91,No,No,No,No,No,No,No,No,No,No,No,No,No,No,No,No,No
2018-04-08,32,52,0,0,0,4.92,40,17,20,25.05,Yes,No,No,No,No,Yes,No,No,No,No,No,No,No,No,No,No,No
2018-04-19,45,75.9,0,0,0,10.96,290,23.94,290,34,No,No,No,No,No,No,No,No,No,No,No,No,No,No,No,No,No
2018-05-02,53.1,84.9,0,0,0,10.07,230,21.03,220,25.05,No,No,No,No,No,No,No,No,No,No,No,No,No,No,No,No,No
2018-05-04,60.1,84.9,0,0,0,12.97,220,21.92,240,25.95,No,No,No,No,No,No,No,No,No,No,No,No,No,No,No,No,No
2018-05-06,62.1,84.9,0.16,0,0,3.58,310,18.12,300,33.11,No,No,No,No,No,No,No,No,No,No,No,Yes,No,No,No,No,No
2018-05-14,68,93,0,0,0,8.05,220,16.11,250,19.91,No,No,No,No,No,No,No,No,No,No,No,No,No,No,No,No,No
2018-05-15,69.1,88,0.02,0,0,8.72,240,18.12,190,23.94,Yes,No,No,No,No,No,No,No,No,No,No,No,No,No,No,No,No
2018-06-02,68,87.1,0.08,0,0,4.7,320,14.09,300,23.94,Yes,No,No,No,No,No,No,No,No,No,No,Yes,No,No,No,No,No
2018-06-14,70,91,0,0,0,4.47,360,10.07,10,14.09,No,No,No,No,No,No,No,No,No,No,No,No,No,No,No,No,No
2018-06-18,73.9,93.9,0,0,0,4.92,230,14.09,220,17,No,No,No,No,No,No,No,No,No,No,No,Yes,No,No,No,No,No
2018-06-25,72,88,0.02,0,0,4.25,50,12.08,20,16.11,No,No,No,No,No,No,No,No,No,No,No,No,No,No,No,No,No
2018-07-26,68,91.9,0,0,0,4.92,220,12.97,220,16.11,Yes,Yes,No,No,No,No,No,No,No,No,No,No,No,No,No,No,No
2018-07-29,70,88,0.07,0,0,4.25,140,16.11,90,23.04,Yes,Yes,No,No,No,No,No,No,No,No,No,Yes,No,No,No,No,No
2018-08-05,72,93,0,0,0,3.36,90,16.11,140,25.05,Yes,No,No,No,No,No,No,No,No,No,No,No,No,No,No,No,No
2018-08-12,70,89.1,0.8,0,0,2.91,20,17,20,23.04,Yes,No,No,No,No,No,No,No,No,No,No,Yes,No,No,No,No,No
2018-08-19,68,88,1.83,0,0,6.71,30,16.11,20,21.92,Yes,No,No,No,No,No,No,No,No,No,No,Yes,No,No,No,No,No
2018-08-20,68,87.1,0.86,0,0,4.47,220,16.11,220,19.91,Yes,No,No,No,No,No,No,No,No,No,No,Yes,No,No,No,No,No
2018-08-22,70,88,0.01,0,0,6.71,230,14.09,330,19.91,Yes,No,No,No,No,No,No,No,No,No,No,No,No,No,No,No,No
2018-08-25,59,82.9,0,0,0,2.68,40,10.07,50,14.99,No,No,No,No,No,No,No,No,No,No,No,No,No,No,No,No,No
2018-08-27,69.1,93,0,0,0,4.03,250,12.08,240,14.99,No,No,No,No,No,No,No,No,No,No,No,Yes,No,No,No,No,No
2018-08-28,71.1,93.9,0,0,0,6.04,240,12.97,240,16.11,No,No,No,No,No,No,No,No,No,No,No,No,No,No,No,No,No
2018-08-29,72,93.9,0,0,0,7.38,230,14.99,210,21.03,No,No,No,No,No,No,No,No,No,No,No,No,No,No,No,No,No
2018-09-04,72,91.9,0.01,0,0,2.91,40,12.97,110,19.01,Yes,No,No,No,No,No,No,No,No,No,No,No,No,No,No,No,No
2018-09-07,71.1,91.9,0.03,0,0,2.68,170,8.95,170,14.09,Yes,No,No,No,No,No,No,No,No,No,No,Yes,No,No,No,No,No
2018-09-09,66.9,80.1,0.15,0,0,5.37,40,12.97,30,17,Yes,No,No,No,No,No,No,No,No,No,No,No,No,No,No,No,No
2018-09-10,66.9,88,0.26,0,0,4.47,230,23.04,230,27.96,Yes,No,No,No,No,No,No,No,No,No,No,Yes,No,No,No,No,No
2018-09-12,72,88,0.13,0,0,5.14,30,12.97,40,21.03,Yes,No,No,No,No,No,No,No,No,No,No,Yes,No,No,No,No,No
2018-09-13,73.9,81,0.28,0,0,11.18,20,21.03,40,31.09,Yes,No,No,No,No,No,No,No,No,No,No,No,No,No,No,No,No
2018-09-14,73,79,2.5,0,0,20.36,40,33.11,50,48.09,Yes,No,No,No,No,No,No,No,No,No,No,No,No,No,No,No,No
2018-09-16,73,75.9,0.9,0,0,14.99,80,23.04,80,33.11,Yes,No,No,No,No,No,No,No,No,No,No,No,No,No,No,No,No
2007-01-13,48,69.1,0,0,0,6.93,230,17,230,21.03,No,No,No,No,No,No,No,No,No,No,No,No,No,No,No,No,No
2007-01-19,34,54,0,0,0,6.93,270,17,260,23.04,Yes,No,Yes,Yes,No,No,No,Yes,No,No,No,No,No,No,No,No,No
2007-01-21,28,35.1,0.8,0,0,5.82,90,12.97,90,17,Yes,No,Yes,Yes,No,Yes,Yes,No,No,Yes,No,No,No,No,No,No,No
2007-01-25,30.9,46.9,0,0,0,6.49,290,19.91,310,25.05,No,No,No,No,No,No,No,No,No,No,No,No,No,No,No,No,No
2007-01-27,32,64,0,0,0,11.41,230,19.91,230,23.04,No,No,No,No,No,No,No,No,No,No,No,No,No,No,No,No,No
2007-02-05,19.9,39.9,0,0,0,7.83,270,17.9,280,23.94,No,No,No,No,No,No,No,No,No,No,No,No,No,No,No,No,No
2007-02-08,27,48,0,0,0,3.13,300,14.99,280,17.9,No,No,No,No,No,No,No,No,No,No,No,No,No,No,No,No,No
2007-02-09,21.9,42.1,0,0,0,3.36,360,14.09,10,19.91,No,No,No,No,No,No,No,No,No,No,No,No,No,No,No,No,No
2007-02-26,41,61,0,0,0,2.46,210,8.95,230,12.08,Yes,Yes,Yes,No,No,No,No,No,No,No,No,No,No,No,No,No,No
2007-03-04,34,50,0,0,0,6.93,280,17,280,23.04,No,No,No,No,No,No,No,No,No,No,No,No,No,No,No,No,No
2007-03-05,26.1,64,0,0,0,8.5,240,21.92,240,29.97,No,No,No,No,No,No,No,No,No,No,No,No,No,No,No,No,No
2007-03-17,33.1,48.9,0,0,0,7.38,330,19.91,330,29.08,No,No,No,No,No,No,No,No,No,No,No,No,No,No,No,No,No
2007-03-18,28,48.9,0,0,0,4.25,240,14.09,350,19.91,No,No,No,No,No,No,No,No,No,No,No,No,No,No,No,No,No
2007-04-05,41,57.9,0,0,0,3.58,310,14.99,320,23.94,No,No,No,No,No,No,No,No,No,No,No,No,No,No,No,No,No
2007-04-06,30,57,0.01,0,0,2.46,360,16.11,290,25.95,Yes,No,Yes,Yes,No,No,No,No,No,No,No,No,No,No,No,No,No
2007-04-11,46,59,0.73,0,0,6.49,140,17.9,150,25.05,Yes,No,No,Yes,No,No,No,Yes,No,No,Yes,Yes,No,No,No,No,No
2007-04-17,46.9,72,0,0,0,7.61,360,19.91,320,29.08,No,No,No,No,No,No,No,No,No,No,No,No,No,No,No,No,No
2007-04-19,44.1,57.9,0.04,0,0,4.47,90,12.97,90,16.11,Yes,No,Yes,Yes,No,No,No,No,No,No,No,No,No,No,No,No,No
2007-04-23,52,82.9,0,0,0,11.41,230,21.92,240,25.95,No,No,No,No,No,No,No,No,No,No,No,No,No,No,No,No,No
2007-04-27,63,82.9,0.25,0,0,11.18,220,21.03,230,23.94,Yes,No,Yes,Yes,No,No,No,No,No,No,No,No,No,No,No,No,No
2007-04-28,59,75.9,0,0,0,6.71,270,16.11,290,21.92,No,No,No,No,No,No,No,No,No,No,No,No,No,No,No,No,No
2007-04-29,53.1,80.1,0,0,0,6.49,300,17.9,290,25.05,No,No,No,No,No,No,No,No,No,No,No,No,No,No,No,No,No
2007-05-02,63,90,0,0,0,8.72,230,14.99,230,19.91,No,No,No,No,No,No,No,No,No,No,No,No,No,No,No,No,No
2007-05-03,57,71.1,0,0,0,9.62,80,17,50,21.03,No,No,No,No,No,No,No,No,No,No,No,No,No,No,No,No,No
2007-05-05,55,66,0.01,0,0,2.68,320,6.93,90,8.95,Yes,No,Yes,Yes,No,No,No,Yes,No,No,No,No,No,No,No,No,No
2007-05-07,42.1,70,0,0,0,12.53,50,25.05,40,31.09,No,No,No,No,No,No,No,No,No,No,No,No,No,No,No,No,No
2007-05-08,50,69.1,0.04,0,0,11.41,40,17.9,40,23.94,Yes,No,Yes,Yes,No,No,No,No,No,No,Yes,No,No,No,No,No,No
2007-05-16,62.1,84,0.02,0,0,13.87,230,23.94,230,29.08,Yes,No,Yes,Yes,No,No,No,No,No,No,Yes,No,No,No,No,No,No
2007-05-18,48.9,70,0,0,0,7.83,30,16.11,40,21.92,No,No,No,Yes,No,No,No,No,No,No,No,No,No,No,No,No,No
2009-10-03,55,82,0,0,0,2.91,240,16.11,230,19.91,Yes,No,No,No,No,No,No,No,No,No,No,No,No,No,No,No,No
2009-10-10,59,79,0.02,0,0,7.83,220,17,220,21.92,No,No,No,Yes,No,No,No,No,No,No,No,No,No,Yes,No,No,No
2009-10-14,46.9,61,0.14,0,0,8.72,40,14.99,50,21.03,Yes,No,Yes,Yes,No,No,No,Yes,No,No,No,No,No,Yes,No,No,No
2009-10-17,45,57.9,0,0,0,6.26,30,14.09,40,21.03,No,No,No,No,No,No,No,No,No,No,No,No,No,No,No,No,No
2009-10-29,48,68,0,0,0,5.82,80,14.99,70,17.9,Yes,No,No,No,No,No,No,No,No,No,No,No,No,No,No,No,No
2009-11-03,37.9,71.1,0,0,0,2.01,20,8.05,290,14.09,Yes,No,Yes,No,No,No,No,No,No,No,No,No,No,No,No,No,No
2009-11-10,55.9,63,0.88,0,0,4.7,30,16.11,30,23.04,Yes,No,Yes,Yes,No,No,No,No,No,No,No,No,No,Yes,No,No,No
2009-11-16,42.1,73.9,0,0,0,0.89,80,8.05,100,12.08,Yes,No,Yes,No,No,No,No,No,No,No,No,No,No,No,No,No,No
2009-11-17,46.9,63,0,0,0,5.82,50,14.09,50,17,Yes,No,Yes,No,No,No,No,No,No,No,No,No,No,No,No,No,No
2009-11-18,52,62.1,0.45,0,0,8.28,40,16.11,50,21.03,Yes,No,Yes,Yes,No,No,No,Yes,No,No,No,No,No,Yes,No,No,No
2009-11-19,57.9,73,0.01,0,0,5.14,250,10.07,250,14.99,Yes,Yes,Yes,Yes,No,No,No,No,No,No,No,No,No,Yes,Yes,No,No
2009-11-22,37,57,0.19,0,0,5.82,70,17,70,23.04,Yes,No,Yes,Yes,No,No,No,No,No,No,No,No,No,Yes,No,No,No
2009-11-27,36,54,0,0,0,7.38,250,21.03,270,31.09,No,No,No,Yes,No,No,No,No,No,No,No,No,No,No,No,No,No
2009-12-01,30,55.9,0,0,0,2.01,240,8.05,230,12.08,No,No,No,No,No,No,No,No,No,No,No,No,No,No,No,No,No
2009-12-08,33.1,46,0.45,0,0,6.49,80,16.11,80,21.92,Yes,No,Yes,Yes,No,No,No,Yes,No,No,No,No,No,Yes,No,No,No
2009-12-11,25,36,0,0,0,3.36,290,12.08,290,16.11,No,No,No,No,No,No,No,No,No,No,No,No,No,No,No,No,No
2009-12-16,28.9,48.9,0,0,0,2.91,10,10.07,350,16.11,No,No,No,No,No,No,No,No,No,No,No,No,No,No,No,No,No
2009-12-17,28,45,0,0,0,2.01,50,10.07,20,14.09,No,No,No,No,No,No,No,No,No,No,No,No,No,No,No,No,No
2009-12-21,24.1,48.9,0,0,0,2.24,240,14.09,270,17.9,No,No,No,No,No,No,No,No,No,No,No,No,No,No,No,No,No
2009-12-23,25,53.1,0,0,0,0.45,50,6.04,160,10.07,No,No,No,No,No,No,No,No,No,No,No,No,No,No,No,No,No
2010-01-07,19.9,48,0,0,0,5.37,210,12.97,230,17.9,No,No,No,No,No,No,No,No,No,No,No,No,No,No,No,No,No
2010-01-08,21.9,42.1,0.05,0,0,8.95,240,23.04,230,33.11,Yes,No,Yes,Yes,No,No,No,Yes,No,No,No,No,No,Yes,No,No,No
2010-01-10,19,37,0,0,0,2.46,30,12.08,30,17,No,No,No,No,No,No,No,No,No,No,No,No,No,No,No,No,No
2010-01-14,23,57,0,0,0,3.58,220,8.95,220,12.97,No,No,No,No,No,No,No,No,No,No,No,No,No,No,No,No,No
2010-01-19,35.1,66,0,0,0,1.79,240,12.08,230,14.09,Yes,No,No,No,No,No,No,No,No,No,No,No,No,No,No,No,No
2010-02-16,27,41,0,0,0,7.61,240,17.9,230,25.95,No,No,No,No,No,No,No,No,No,No,No,No,No,No,No,No,No
2010-02-20,23,59,0,0,0,2.46,280,12.08,290,16.11,No,No,No,No,No,No,No,No,No,No,No,No,No,No,No,No,No
2010-02-22,36,52,0.29,0,0,2.46,110,16.11,110,19.91,Yes,Yes,Yes,Yes,No,No,No,No,No,No,No,No,No,Yes,Yes,No,No
2010-03-02,33.1,42.1,0.29,0.2,0,9.62,50,19.91,10,25.95,Yes,No,No,Yes,No,Yes,No,Yes,Yes,No,No,Yes,No,Yes,No,No,No
2010-03-09,35.1,73,0,0,0,2.01,230,14.09,220,19.91,No,No,No,No,No,No,No,No,No,No,No,No,No,No,No,No,No
2010-03-16,39,52,0,0,0,4.7,20,14.09,30,23.04,No,No,No,No,No,No,No,No,No,No,No,No,No,No,No,No,No
2010-03-20,39.9,78.1,0,0,0,5.59,220,17,210,23.04,No,No,No,No,No,No,No,No,No,No,No,No,No,No,No,No,No
2010-04-02,54,88,0,0,0,4.7,200,14.09,240,19.91,No,No,No,No,No,No,No,No,No,No,No,No,No,No,No,No,No
2010-04-04,57.9,82.9,0,0,0,3.58,220,12.97,230,17,No,No,No,No,No,No,No,No,No,No,No,No,No,No,No,No,No
2010-04-06,62.1,90,0,0,0,10.29,230,23.04,230,29.97,No,No,No,No,No,No,No,No,No,No,No,No,No,No,No,No,No
2010-04-14,41,57,0,0,0,7.61,50,16.11,50,23.94,Yes,No,Yes,No,No,No,No,No,No,No,No,No,No,No,No,No,No
2010-05-02,72,91.9,0,0,0,13.87,230,23.94,230,33.11,No,No,No,No,No,No,No,No,No,No,No,No,No,No,No,No,No
2010-05-10,42.1,68,0,0,0,4.47,80,16.11,70,21.92,No,No,No,No,No,No,No,No,No,No,No,No,No,No,No,No,No
2010-05-14,64.9,93.9,0,0,0,7.61,240,14.99,240,21.03,Yes,No,Yes,Yes,No,No,No,No,No,No,Yes,No,No,Yes,No,Yes,No
2010-05-16,66.9,82,0.12,0,0,4.92,120,14.99,120,19.91,Yes,No,Yes,Yes,No,No,No,Yes,No,No,No,Yes,No,Yes,No,No,No
2010-05-20,57.9,79,0,0,0,2.68,30,8.95,40,14.09,Yes,No,Yes,No,No,No,No,No,No,No,No,No,No,No,No,No,No
2010-05-26,62.1,82.9,0,0,0,5.82,50,16.11,50,19.91,No,No,No,No,No,No,No,No,No,No,No,No,No,No,No,No,No
2010-05-28,64,87.1,0.41,0,0,6.71,230,25.05,220,31.09,Yes,No,Yes,Yes,No,No,No,No,No,No,No,Yes,No,Yes,No,No,No
2010-06-01,69.1,84.9,0.29,0,0,6.49,160,19.91,170,23.04,Yes,No,Yes,Yes,No,No,No,No,No,No,No,No,No,Yes,No,No,No
2010-06-02,71.1,88,0.01,0,0,4.7,140,12.97,140,17,Yes,No,Yes,Yes,No,No,No,No,No,No,Yes,Yes,No,Yes,No,Yes,No
2010-06-14,71.1,93,0,0,0,3.8,270,12.97,240,19.91,Yes,No,Yes,No,No,No,No,No,No,No,No,No,No,No,No,No,No
2010-06-15,72,93.9,0.01,0,0,2.46,230,14.99,220,17,Yes,No,No,Yes,No,No,No,No,No,No,No,Yes,No,Yes,No,No,No
2010-06-25,77,93.9,0,0,0,4.47,190,14.09,190,17.9,No,No,No,No,No,No,No,No,No,No,No,No,No,No,No,No,No
2010-06-27,73,100.9,0,0,0,8.05,230,17.9,230,21.92,No,No,No,No,No,No,No,No,No,No,No,No,No,No,No,No,No
2010-07-20,73,98.1,0.64,0,0,7.61,280,29.97,280,44.96,Yes,No,No,Yes,No,No,No,No,No,No,No,Yes,No,Yes,No,No,No
2010-07-21,75,97,0,0,0,7.83,230,17,260,29.08,No,No,No,Yes,No,No,No,No,No,No,No,No,No,No,No,No,No
2010-07-24,79,100,0,0,0,9.62,230,17.9,240,25.95,Yes,No,Yes,No,No,No,No,No,No,No,Yes,No,No,No,No,No,No
2010-07-28,73.9,93.9,0,0,0,5.14,250,12.97,220,16.11,Yes,No,Yes,No,No,No,No,No,No,No,No,No,No,No,No,No,No
2010-07-30,73,89.1,0,0,0,5.59,60,14.09,30,19.91,Yes,No,No,No,No,No,No,No,No,No,No,No,No,No,No,No,No
2010-07-31,64,78.1,0.12,0,0,2.91,100,10.07,110,16.11,No,No,No,Yes,No,No,No,No,No,No,No,No,No,Yes,No,No,No
2010-08-03,71.1,91,0,0,0,3.8,190,10.07,150,17,No,No,No,No,No,No,No,No,No,No,No,No,No,No,No,No,No
2010-08-14,73.9,88,0,0,0,7.61,90,14.09,90,17.9,No,No,No,No,No,No,No,No,No,No,No,No,No,No,No,No,No
2010-08-18,75,96.1,0.1,0,0,6.49,240,19.91,230,27.96,Yes,No,No,Yes,No,No,No,No,No,No,No,Yes,No,Yes,No,No,No
2010-08-21,66.9,90,0,0,0,3.36,130,12.97,140,19.91,Yes,No,Yes,No,No,No,No,No,No,No,Yes,No,No,No,No,Yes,No
2010-08-23,72,89.1,0,0,0,4.25,100,16.11,70,21.03,Yes,No,Yes,Yes,No,No,No,No,No,No,No,No,No,No,No,No,No
2010-08-28,70,90,0,0,0,2.68,50,12.97,110,19.91,Yes,No,Yes,No,No,No,No,No,No,No,Yes,No,No,No,No,Yes,No
2010-08-31,64.9,97,0,0,0,2.24,50,10.07,30,16.11,Yes,No,No,No,Yes,No,No,No,No,No,No,No,No,No,No,No,No
2010-09-08,71.1,91,0,0,0,8.95,280,17.9,270,23.94,No,No,No,Yes,No,No,No,No,No,No,No,No,No,No,No,No,No
2010-09-10,57.9,88,0,0,0,5.37,30,14.09,10,21.03,No,No,No,No,No,No,No,No,No,No,No,No,No,No,No,No,No
2010-09-12,64.9,88,0.03,0,0,3.8,290,12.97,340,21.92,Yes,No,Yes,Yes,No,No,No,Yes,No,No,No,No,No,No,No,No,No
2010-09-13,63,87.1,0,0,0,3.58,60,16.11,50,23.04,No,No,No,No,No,No,No,No,No,No,No,No,No,No,No,No,No
2010-09-14,60.1,96.1,0,0,0,4.03,280,16.11,280,23.94,No,No,No,No,No,No,No,No,No,No,No,No,No,No,No,No,No
2010-09-19,60.1,93,0,0,0,2.01,80,10.07,130,14.99,Yes,No,Yes,No,No,No,No,No,No,No,No,No,No,No,No,No,No
2010-09-20,64,93,0,0,0,4.7,50,14.09,30,21.92,No,No,No,No,No,No,No,No,No,No,No,No,No,No,No,No,No
2010-09-22,70,96.1,0,0,0,8.5,240,17.9,230,25.05,No,No,No,No,No,No,No,No,No,No,No,No,No,No,No,No,No
2010-09-23,71.1,99,0,0,0,6.71,220,14.99,220,19.91,No,No,No,No,No,No,No,No,No,No,No,No,No,No,No,No,No
2010-09-24,70,96.1,0,0,0,7.83,170,14.99,230,21.03,No,No,No,No,No,No,No,No,No,No,No,No,No,No,No,No,No
2010-09-30,68,77,1.84,0,0,7.83,160,21.92,170,31.09,Yes,No,Yes,Yes,No,No,No,Yes,No,No,Yes,No,No,Yes,No,No,No
2010-10-05,46.9,69.1,0,0,0,4.03,290,14.99,310,21.92,No,No,No,No,No,No,No,No,No,No,No,No,No,No,No,No,No
2010-10-07,46.9,82,0,0,0,5.59,260,17.9,270,25.95,No,No,No,No,No,No,No,No,No,No,No,No,No,No,No,No,No
2010-10-12,57,88,0,0,0,3.8,230,14.09,240,17,No,No,No,No,No,No,No,No,No,No,No,No,No,No,No,No,No
2010-10-20,52,64.9,0.1,0,0,2.24,40,8.05,50,12.08,Yes,No,Yes,Yes,No,No,No,No,No,No,Yes,No,No,Yes,No,Yes,No
2010-10-22,43,68,0,0,0,2.91,290,10.07,330,17,No,No,No,No,No,No,No,No,No,No,No,No,No,No,No,No,No
2010-10-24,46.9,78.1,0,0,0,5.82,230,16.11,230,23.04,No,No,No,No,No,No,No,No,No,No,No,No,No,No,No,No,No
2010-10-30,36,64.9,0,0,0,5.82,220,17,250,19.91,Yes,No,No,No,No,No,No,No,No,No,No,No,No,No,No,No,No
2010-11-01,46,63,0,0,0,8.5,50,16.11,50,23.94,No,No,No,No,No,No,No,No,No,No,No,No,No,No,No,No,No
2010-11-03,45,55.9,0.02,0,0,4.03,40,10.07,40,12.97,Yes,No,Yes,Yes,No,No,No,No,No,No,No,No,No,Yes,No,No,No
2010-11-11,39.9,66,0,0,0,4.03,40,14.99,40,31.99,No,No,No,No,No,No,No,No,No,No,No,No,No,No,No,No,No
2010-11-15,39.9,70,0,0,0,1.79,230,8.05,150,12.97,No,No,No,No,No,No,No,No,No,No,No,No,No,No,No,No,No
2010-11-16,54,66.9,0.38,0,0,8.28,250,25.05,280,36.91,Yes,No,No,Yes,No,No,No,No,No,No,No,Yes,No,Yes,No,No,No
2010-11-17,39.9,64.9,0.09,0,0,7.16,240,31.09,250,42.95,Yes,No,No,Yes,No,No,No,No,No,No,No,Yes,No,No,No,No,No
2010-11-24,46,63,0,0,0,5.14,80,12.08,120,14.99,No,No,No,No,No,No,No,No,No,No,No,No,No,No,No,No,No
2010-12-09,19.9,42.1,0,0,0,2.24,350,8.05,300,12.97,No,No,No,No,No,No,No,No,No,No,No,No,No,No,No,No,No
2010-12-12,36,52,0.4,0,0,7.61,190,21.03,240,29.97,Yes,Yes,No,Yes,No,No,No,Yes,No,No,No,No,No,Yes,Yes,No,No
2010-12-14,16,35.1,0,0,0,10.07,280,17.9,300,31.09,No,No,No,No,No,No,No,No,No,No,Yes,No,No,No,No,No,No
2010-12-24,21.9,46.9,0,0,0,0.89,350,8.95,340,14.09,No,No,No,No,No,No,No,No,No,No,No,No,No,No,No,No,No
2010-12-31,28.9,61,0,0,0,2.91,230,14.09,240,17,No,No,No,No,No,No,No,No,No,No,No,No,No,No,No,No,No
2011-01-05,26.1,46,0,0,0,0.67,150,6.04,20,8.95,No,No,No,No,No,No,No,No,No,No,No,No,No,No,No,No,No
2011-01-09,19,35.1,0,0,0,4.03,330,12.97,300,21.03,No,No,No,No,No,No,No,No,No,No,No,No,No,No,No,No,No
2011-01-18,32,46.9,0,0,0,4.7,20,12.97,10,21.92,Yes,Yes,No,Yes,No,No,No,Yes,No,No,No,No,No,No,No,No,No
2011-01-21,28,46.9,0,0,0,7.16,300,17.9,290,31.99,No,No,No,Yes,No,No,No,No,No,No,No,No,No,No,No,No,No
2011-01-22,17.1,32,0,0,0,5.82,50,14.09,40,17.9,No,No,No,No,No,No,No,No,No,No,No,No,No,No,No,No,No
2011-01-26,37.9,43,0.37,0,0,6.26,280,14.99,290,25.05,Yes,Yes,Yes,Yes,No,No,No,Yes,No,No,No,No,No,No,No,No,No
2011-01-27,28,48,0,0,0,2.68,240,12.08,240,14.99,No,No,No,No,No,No,No,No,No,No,No,No,No,No,No,No,No
2011-01-28,28,55.9,0,0,0,4.47,270,17,270,23.94,Yes,No,Yes,No,No,No,No,No,No,No,Yes,No,No,No,No,No,No
2011-02-01,34,53.1,0,0,0,4.47,160,8.95,160,14.09,Yes,No,Yes,Yes,No,No,No,No,No,No,No,No,No,No,No,No,No
2011-02-05,35.1,48.9,0.92,0,0,8.05,230,21.03,230,25.95,Yes,Yes,Yes,Yes,No,No,No,Yes,No,No,No,No,No,No,No,No,No
2011-02-06,30,54,0,0,0,2.01,240,8.95,220,12.97,Yes,No,No,No,No,No,No,No,No,No,No,No,No,No,No,No,No
2011-02-11,21,51.1,0,0,0,1.12,330,6.93,320,10.07,Yes,No,Yes,No,No,No,No,No,No,No,Yes,No,No,No,No,No,No
2011-02-13,25,61,0,0,0,6.93,230,17.9,220,23.94,No,No,No,No,No,No,No,No,No,No,No,No,No,No,No,No,No
2011-02-16,34,63,0,0,0,5.37,230,17.9,230,21.92,No,No,No,No,No,No,No,No,No,No,No,No,No,No,No,No,No
2011-02-18,52,78.1,0,0,0,10.74,230,17.9,280,23.04,Yes,No,Yes,No,No,No,No,No,No,No,Yes,No,No,No,No,No,No
2011-02-23,28.9,53.1,0,0,0,3.36,50,8.95,50,12.97,No,No,No,No,No,No,No,No,No,No,No,No,No,No,No,No,No
2011-03-03,35.1,53.1,0,0,0,10.74,70,21.03,80,29.08,No,No,No,No,No,No,No,No,No,No,No,No,No,No,No,No,No
2011-03-16,46.9,64,0.05,0,0,2.91,270,10.07,300,14.09,Yes,No,Yes,Yes,No,No,No,No,No,No,No,No,No,No,No,No,No
2011-03-19,55.9,75,0,0,0,5.82,40,17.9,50,25.05,No,No,No,No,No,No,No,No,No,No,No,No,No,No,No,No,No
2011-03-21,52,75,0,0,0,12.75,240,27.96,240,36.01,No,No,No,No,No,No,No,No,No,No,No,No,No,No,No,No,No
2011-03-23,50,82.9,0.45,0,0,6.71,230,25.95,220,36.01,Yes,No,Yes,Yes,No,No,No,No,No,No,No,Yes,No,No,No,No,No
2011-03-30,39.9,48,1.05,0,0,7.83,100,21.92,100,29.08,Yes,Yes,Yes,Yes,No,No,No,Yes,No,No,No,No,No,No,No,No,No
2011-04-01,37.9,55,0,0,0,6.26,280,17.9,290,29.97,Yes,No,No,No,No,No,No,No,No,No,No,No,No,No,No,No,No
2011-04-02,37,64.9,0,0,0,8.95,270,27.96,280,42.95,No,No,No,Yes,No,No,No,No,No,No,No,No,No,No,No,No,No
2011-04-07,46,79,0,0,0,6.49,230,14.99,220,17.9,No,No,No,No,No,No,No,No,No,No,No,No,No,No,No,No,No
2011-04-08,53.1,82,0.06,0,0,5.14,30,21.92,20,31.99,Yes,No,Yes,Yes,No,No,No,No,No,No,No,Yes,No,No,No,No,No
2011-04-10,52,72,0,0,0,3.8,210,8.95,200,14.09,Yes,Yes,Yes,No,No,No,No,Yes,No,No,No,No,No,No,No,No,No
2011-04-12,57,73,0,0,0,12.3,220,31.99,200,40.04,No,No,No,Yes,No,No,No,No,No,No,No,Yes,No,No,No,No,No
2011-04-13,46.9,72,0,0,0,5.14,290,14.09,270,21.92,No,No,No,No,No,No,No,No,No,No,No,No,No,No,No,No,No
2011-04-19,55.9,84.9,0,0,0,11.18,230,21.03,190,27.96,No,No,No,No,No,No,No,No,No,No,No,No,No,No,No,No,No
2011-04-21,55,73,0.01,0,0,5.82,120,16.11,360,21.92,No,No,No,Yes,No,No,No,No,No,No,No,No,No,No,No,No,No
2011-04-23,54,78.1,0.01,0,0,5.82,210,17,210,23.04,Yes,No,Yes,Yes,No,No,No,Yes,No,No,No,No,No,No,No,No,No
2011-04-24,62.1,87.1,0,0,0,11.18,230,21.92,210,25.95,Yes,No,Yes,No,No,No,No,No,No,No,No,No,No,No,No,No,No
2011-04-26,68,82.9,0,0,0,10.29,190,17.9,190,25.05,No,No,No,Yes,No,No,No,No,No,No,No,Yes,No,No,No,No,No
2011-04-27,68,87.1,0.21,0,0,12.97,230,29.97,230,40.94,Yes,No,No,Yes,No,No,No,Yes,No,No,No,Yes,No,No,No,No,No
2011-05-14,63,79,0.12,0,0,4.7,170,14.09,170,16.11,Yes,No,Yes,Yes,No,No,No,No,No,No,No,Yes,No,No,No,No,No
2011-05-17,57.9,72,0.17,0,0,7.16,180,16.11,160,21.92,Yes,No,Yes,Yes,No,No,No,No,No,No,No,Yes,No,No,No,No,No
2011-05-20,57,82,0,0,0,2.68,260,12.08,240,17,No,No,No,Yes,No,No,No,No,No,No,No,No,No,No,No,No,No
2011-05-22,59,89.1,0,0,0,4.03,280,12.08,290,17.9,No,No,No,No,No,No,No,No,No,No,No,No,No,No,No,No,No
2011-05-23,66,91,0.09,0,0,7.38,230,19.91,210,25.05,Yes,No,Yes,Yes,No,No,No,No,No,No,No,Yes,No,No,No,No,No
2011-06-02,70,95,0,0,0,2.91,20,10.07,30,16.11,Yes,No,Yes,No,No,No,No,No,No,No,Yes,No,No,No,No,No,No
2011-06-03,66,84.9,0,0,0,6.93,40,16.11,40,21.92,No,No,No,No,No,No,No,No,No,No,No,No,No,No,No,No,No
2011-06-05,69.1,90,0,0,0,5.82,40,16.11,50,17.9,No,No,No,No,No,No,No,No,No,No,No,No,No,No,No,No,No
2011-06-06,69.1,90,0,0,0,4.7,50,12.97,20,19.91,No,No,No,No,No,No,No,No,No,No,No,No,No,No,No,No,No
2011-06-10,72,96.1,0,0,0,7.38,140,12.97,80,31.99,No,No,No,Yes,No,No,No,No,No,No,No,Yes,No,No,No,No,No
2011-06-12,66.9,93.9,0.24,0,0,5.59,300,23.04,310,34.9,Yes,No,Yes,Yes,No,No,No,No,No,No,No,Yes,No,No,No,No,No
2011-06-16,68,91,0,0,0,8.5,230,19.91,200,23.94,No,No,No,No,No,No,No,No,No,No,No,No,No,No,No,No,No
2011-06-17,66.9,91.9,0,0,0,4.92,230,14.99,150,31.09,No,No,No,No,No,No,No,No,No,No,No,No,No,No,No,No,No
2011-06-24,72,96.1,0.02,0,0,11.41,230,21.92,240,31.99,No,No,No,Yes,No,No,No,No,No,No,No,No,No,No,No,No,No
2011-06-25,70,89.1,0,0,0,4.03,250,14.99,240,23.04,No,No,No,No,No,No,No,No,No,No,No,No,No,No,No,No,No
2011-06-26,68,93.9,0,0,0,3.58,230,14.09,250,25.05,No,No,No,Yes,No,No,No,No,No,No,No,No,No,No,No,No,No
2011-06-29,68,93,0.04,0,0,4.47,10,10.07,360,17,Yes,No,No,Yes,No,No,No,No,No,No,No,No,No,No,No,No,No
2011-07-01,64.9,93,0,0,0,3.13,30,14.09,30,19.91,No,No,No,No,No,No,No,No,No,No,No,No,No,No,No,No,No
2011-07-06,73,89.1,0.22,0,0,6.26,220,21.92,220,25.95,Yes,No,No,Yes,No,No,No,No,No,No,Yes,Yes,No,No,No,No,No
2011-07-14,69.1,87.1,0,0,0,8.72,50,17,50,23.04,No,No,No,No,No,No,No,No,No,No,No,No,No,No,No,No,No
2011-07-16,63,89.1,0,0,0,6.04,100,12.97,140,19.91,No,No,No,No,No,No,No,No,No,No,No,No,No,No,No,No,No
2011-07-17,68,88,0,0,0,2.68,200,8.95,120,14.09,No,No,No,No,No,No,No,No,No,No,No,No,No,No,No,No,No
2011-07-25,73.9,97,0.07,0,0,4.92,250,25.95,240,31.99,Yes,No,Yes,Yes,No,No,No,No,No,No,No,Yes,No,No,No,No,No
2011-07-27,73,99,0,0,0,4.92,110,14.99,140,27.96,Yes,Yes,Yes,No,No,No,No,No,No,No,No,No,No,No,No,No,No
2011-07-31,73,84.9,1.16,0,0,2.68,30,14.99,40,29.97,Yes,No,Yes,Yes,No,No,No,No,No,No,Yes,Yes,No,No,No,No,No
2011-08-01,71.1,93.9,0,0,0,2.46,80,12.08,50,17.9,Yes,No,No,No,No,No,No,No,No,No,No,No,No,No,No,No,No
2011-08-04,77,95,0,0,0,4.92,90,14.09,30,23.04,No,No,No,No,No,No,No,No,No,No,No,No,No,No,No,No,No
2011-08-08,73,96.1,0,0,0,5.59,280,12.97,260,21.03,No,No,No,No,No,No,No,No,No,No,No,No,No,No,No,No,No
2011-08-16,64,88,0,0,0,1.79,50,8.95,30,14.09,No,No,No,No,No,No,No,No,No,No,No,No,No,No,No,No,No
2011-08-23,66,84,0,0,0,5.82,60,12.97,50,17,No,No,No,No,No,No,No,No,No,No,No,No,No,No,No,No,No
2011-09-01,60.1,86,0,0,0,2.01,90,12.08,90,16.11,No,No,No,No,No,No,No,No,No,No,No,No,No,No,No,No,No
2011-09-12,66,87.1,0,0,0,2.91,140,8.95,40,12.97,No,No,No,No,No,No,No,No,No,No,No,No,No,No,No,No,No
2011-09-21,66.9,82.9,0.43,0,0,3.36,120,8.05,,,Yes,No,No,Yes,No,No,No,Yes,No,No,No,Yes,No,No,No,No,No
2011-09-24,66.9,78.1,0.03,0,0,3.8,90,8.05,,,Yes,Yes,Yes,Yes,No,No,No,No,No,No,No,No,No,No,No,No,No
2011-09-26,68,84.9,0,0,0,2.91,160,17.9,160,25.95,No,No,No,No,No,No,No,No,No,No,No,No,No,No,No,No,No
2011-09-29,61,84,0,0,0,4.25,240,16.11,280,21.92,Yes,No,Yes,No,No,No,No,No,No,No,No,No,No,No,No,No,No
2011-10-10,55.9,75,0,0,0,6.71,50,12.08,50,14.99,No,No,No,No,No,No,No,No,No,No,No,No,No,No,No,No,No
2011-10-18,59,82.9,1.04,0,0,6.26,170,14.09,160,19.91,No,No,Yes,Yes,No,No,No,Yes,No,No,No,No,No,No,No,No,No
2011-10-19,54,68,0.84,0,0,10.51,250,25.95,260,34.9,No,No,Yes,Yes,No,No,No,Yes,No,No,No,No,No,No,No,No,No
2011-10-23,39.9,69.1,0,0,0,1.57,80,8.95,90,14.09,No,No,No,No,No,No,No,No,No,No,No,No,No,No,No,No,No
2011-10-24,43,72,0,0,0,1.12,260,8.95,270,12.08,No,No,No,No,No,No,No,No,No,No,No,No,No,No,No,No,No
2011-11-03,36,66.9,0.17,0,0,4.03,180,12.97,180,17,Yes,No,Yes,Yes,No,No,No,No,No,No,No,No,No,No,No,No,No
2011-11-04,46.9,55,1.43,0,0,11.41,40,21.03,30,29.08,No,No,Yes,Yes,No,No,No,No,No,No,Yes,No,No,No,No,No,No
2011-11-11,33.1,53.1,0,0,0,5.82,300,16.11,300,21.92,No,No,No,No,No,No,No,No,No,No,No,No,No,No,No,No,No
2011-11-15,62.1,78.1,0,0,0,10.51,220,21.03,230,25.95,No,No,No,No,No,No,No,No,No,No,No,No,No,No,No,No,No
2011-11-21,60.1,77,0,0,0,4.7,220,12.08,230,14.09,Yes,No,Yes,No,No,No,No,No,No,No,No,No,No,No,No,No,No
2011-11-23,48.9,73.9,0.18,0,0,12.08,190,21.92,290,34.9,Yes,No,Yes,Yes,No,No,No,No,No,No,No,No,No,No,No,No,No
2011-11-30,34,53.1,0,0,0,5.82,300,14.99,290,21.92,No,No,No,No,No,No,No,No,No,No,No,No,No,No,No,No,No
2011-12-05,45,71.1,0,0,0,4.7,160,12.08,150,16.11,No,No,No,No,No,No,No,Yes,No,No,No,No,No,No,No,No,No
2011-12-10,36,53.1,0,0,0,2.91,50,12.08,20,16.11,No,No,No,No,No,No,No,No,No,No,No,No,No,No,No,No,No
2011-12-22,61,68,0.08,0,0,7.83,210,21.03,200,29.08,Yes,No,Yes,Yes,No,No,No,Yes,No,No,No,No,No,No,No,No,No
2011-12-27,42.1,64,0.56,0,0,11.86,240,29.97,230,44.07,Yes,No,Yes,Yes,No,No,No,No,No,No,No,No,No,No,No,No,No
2011-12-29,26.1,55.9,0,0,0,4.7,230,16.11,210,19.91,No,No,No,No,No,No,No,No,No,No,No,No,No,No,No,No,No
2011-12-31,39.9,64.9,0,0,0,6.49,270,14.99,290,23.94,No,No,No,No,No,No,No,No,No,No,No,No,No,No,No,No,No
2012-01-01,35.1,68,0.01,0,0,7.83,220,23.04,210,29.08,No,No,No,Yes,No,No,No,No,No,No,No,No,No,No,No,No,No
2012-01-06,33.1,66,0,0,0,5.59,230,14.09,220,17,No,No,No,No,No,No,No,No,No,No,No,No,No,No,No,No,No
2012-01-11,44.1,60.1,0.61,0,0,8.05,230,19.91,230,27.96,Yes,Yes,No,Yes,No,No,No,Yes,No,No,No,No,No,No,No,No,No
2012-01-12,44.1,59,0,0,0,12.97,220,23.04,210,29.97,No,No,No,No,No,No,No,No,No,No,No,No,No,No,No,No,No
2012-01-17,42.1,64.9,0.1,0,0,14.99,240,31.09,230,40.94,Yes,No,Yes,Yes,No,No,No,No,No,No,No,No,No,No,No,No,No
2012-01-20,33.1,57,0.19,0,0,3.8,130,12.08,120,14.99,Yes,No,Yes,Yes,No,No,No,Yes,No,No,No,No,No,No,No,No,No
2012-01-21,36,57.9,0.42,0,0,7.61,220,17.9,220,23.94,Yes,No,Yes,Yes,No,No,No,Yes,No,No,No,No,No,No,No,No,No
2012-01-25,34,64,0,0,0,1.79,150,8.95,150,14.09,Yes,No,Yes,No,No,No,No,No,No,No,No,No,No,No,No,No,No
2012-01-28,32,62.1,0,0,0,4.47,340,14.99,330,21.92,No,No,No,No,No,No,No,No,No,No,No,No,No,No,No,No,No
2012-01-29,32,53.1,0,0,0,5.59,230,16.11,230,19.91,No,No,No,No,No,No,No,No,No,No,No,No,No,No,No,No,No
2012-01-31,36,68,0,0,0,10.07,230,17,230,21.92,No,No,No,No,No,No,No,No,No,No,No,No,No,No,No,No,No
2012-02-01,46.9,70,0,0,0,7.83,230,19.91,240,25.05,No,No,No,Yes,No,No,No,Yes,No,No,No,No,No,No,No,No,No
2012-02-07,32,57,0,0,0,1.12,40,10.07,50,14.09,No,No,No,No,No,No,No,No,No,No,No,No,No,No,No,No,No
2012-02-08,28.9,51.1,0,0,0,2.01,350,8.05,330,14.09,Yes,No,Yes,Yes,No,No,No,No,No,No,No,No,No,No,No,No,No
2012-02-14,39,60.1,0,0,0,9.17,230,23.04,230,27.96,No,No,No,Yes,No,No,No,No,No,No,No,No,No,No,No,No,No
2012-02-15,41,64,0,0,0,3.36,50,12.08,40,16.11,No,No,No,No,No,No,No,No,No,No,No,No,No,No,No,No,No
2012-02-17,42.1,63,0,0,0,2.46,280,8.95,10,16.11,No,Yes,Yes,No,No,No,No,No,No,No,No,No,No,No,No,No,No
2012-02-18,39.9,64.9,0,0,0,2.46,220,14.99,230,19.91,No,No,No,No,No,No,No,No,No,No,No,No,No,No,No,No,No
2012-02-24,50,78.1,0.09,0,0,17.45,230,36.01,220,46.08,Yes,No,Yes,Yes,No,No,No,No,No,No,No,No,No,No,No,No,No
2012-02-28,41,66,0,0,0,4.25,50,12.97,50,17,Yes,Yes,Yes,No,No,No,No,No,No,No,No,No,No,No,No,No,No
2012-03-04,34,54,0.17,0,0,5.37,300,19.91,260,31.09,No,No,No,Yes,No,No,No,No,No,No,No,No,No,No,No,No,No
2012-03-06,27,54,0,0,0,4.03,200,10.07,110,14.99,No,No,No,No,No,No,No,No,No,No,No,No,No,No,No,No,No
2012-03-08,48,75,0,0,0,10.07,220,23.04,210,29.97,No,No,No,No,No,No,No,No,No,No,No,No,No,No,No,No,No
2012-03-13,57,78.1,0.02,0,0,10.51,230,17,230,23.04,No,No,No,Yes,No,No,No,No,No,No,No,No,No,No,No,No,No
2012-03-21,60.1,75,0.04,0,0,3.13,120,12.08,120,14.99,No,No,No,Yes,No,No,No,No,No,No,Yes,No,No,No,No,No,No
2012-03-25,55.9,68,0.03,0,0,3.8,330,12.97,20,17.9,Yes,No,Yes,Yes,No,No,No,No,No,No,No,No,No,No,No,No,No
2012-04-04,57,84.9,0.62,0,0,4.25,240,16.11,350,25.95,No,No,Yes,Yes,No,No,No,No,No,No,No,Yes,No,No,No,No,No
2012-04-08,37.9,75.9,0,0,0,3.58,280,17,260,25.95,Yes,No,No,No,No,No,No,No,No,No,No,No,No,No,No,No,No
2012-04-17,60.1,86,0,0,0,6.93,60,17,80,23.94,No,No,No,No,No,No,No,No,No,No,No,No,No,No,No,No,No
2012-04-28,54,62.1,0,0,0,6.04,80,14.99,50,21.92,No,No,No,No,No,No,No,No,No,No,No,No,No,No,No,No,No
2012-04-29,55,77,0,0,0,3.36,30,12.08,30,16.11,Yes,No,Yes,No,No,No,No,No,No,No,No,No,No,No,No,No,No
2012-05-07,57.9,78.1,0,0,0,5.59,140,12.97,130,21.03,No,No,No,No,No,No,No,No,No,No,No,No,No,No,No,No,No
2012-05-08,61,80.1,0,0,0,7.83,200,16.11,170,21.92,No,No,No,No,No,No,No,No,No,No,No,No,No,No,No,No,No
2012-05-10,51.1,72,0,0,0,3.8,290,14.09,290,21.03,No,No,No,No,No,No,No,No,No,No,No,No,No,No,No,No,No
2012-05-13,60.1,75,0.15,0,0,5.59,190,14.09,180,21.92,Yes,No,Yes,Yes,No,No,No,No,No,No,No,No,No,No,No,No,No
2012-05-14,63,75,0.49,0,0,6.26,180,16.11,180,23.04,No,No,Yes,Yes,No,No,No,No,No,No,No,Yes,No,No,No,No,No
2012-05-20,52,82,0,0,0,6.49,30,21.03,40,27.96,No,No,No,No,No,No,No,No,No,No,No,No,No,No,No,No,No
2012-05-21,66,82,0,0,0,1.34,50,8.95,150,14.99,No,No,No,No,No,No,No,No,No,No,No,No,No,No,No,No,No
2012-06-10,64.9,89.1,0,0,0,6.26,200,14.09,200,17.9,No,No,No,No,No,No,No,No,No,No,No,No,No,No,No,No,No
2012-06-12,68,82.9,0.43,0,0,7.61,50,19.91,50,25.05,No,No,No,Yes,No,No,No,Yes,No,No,No,Yes,No,No,No,No,No
2012-06-16,53.1,80.1,0,0,0,6.26,40,17,40,23.94,No,No,No,No,No,No,No,No,No,No,No,No,No,No,No,No,No
2012-06-25,72,93,0,0,0,6.49,40,17,40,21.03,No,No,No,No,No,No,No,No,No,No,No,Yes,No,No,No,No,No
2012-07-01,75,102.9,0,0,0,4.92,20,23.94,30,36.91,No,No,No,No,No,No,No,No,No,No,Yes,No,No,No,No,No,No
2012-07-06,71.1,100,0,0,0,3.8,20,17.9,10,27.96,No,No,No,Yes,No,No,No,No,No,No,No,Yes,No,No,No,No,No
2012-07-09,73,96.1,0.23,0,0,3.36,180,17,80,23.04,No,No,Yes,Yes,No,No,No,No,No,No,No,Yes,No,No,No,No,No
2012-07-11,68,80.1,0.45,0,0,4.03,90,21.92,90,25.95,Yes,No,Yes,Yes,No,No,No,No,No,No,No,No,No,No,No,No,No
2012-07-21,71.1,93,1.09,0,0,7.38,200,19.91,190,23.94,No,Yes,No,Yes,No,No,No,No,No,No,No,Yes,No,No,No,No,No
2012-07-25,70,90,0,0,0,4.03,240,12.08,240,17.9,No,No,No,No,No,No,No,No,No,No,No,No,No,No,No,No,No
2012-07-27,73.9,99,0.14,0,0,6.93,20,19.91,300,31.09,No,No,Yes,Yes,No,No,No,No,No,No,No,Yes,No,No,No,No,No
2012-07-29,66.9,91.9,0,0,0,2.01,100,8.95,130,14.99,No,No,No,No,No,No,No,No,No,No,No,No,No,No,No,No,No
2012-08-02,72,93,0.05,0,0,5.82,180,23.94,170,29.08,No,No,No,Yes,No,No,No,No,No,No,No,Yes,No,No,No,No,No
2012-08-06,73.9,93,0.49,0,0,6.26,230,21.92,230,25.95,No,No,Yes,Yes,No,No,No,No,No,No,No,Yes,No,No,No,No,No
2012-08-10,72,87.1,0.13,0,0,8.95,220,21.92,240,27.96,No,No,No,Yes,No,No,No,Yes,No,No,No,Yes,No,No,No,No,No
2012-08-14,66,91,0,0,0,5.59,230,16.11,230,23.04,No,No,No,No,No,No,No,No,No,No,No,No,No,No,No,No,No
2012-08-24,68,77,0.02,0,0,4.7,80,12.97,90,17,Yes,No,No,Yes,No,No,No,No,No,No,No,No,No,No,No,No,No
2012-08-26,64.9,84,0,0,0,3.13,50,10.07,60,12.08,No,No,No,No,No,No,No,No,No,No,No,No,No,No,No,No,No
2012-08-28,73,87.1,0,0,0,7.61,210,17,220,23.04,Yes,No,Yes,Yes,No,No,No,No,No,No,No,No,No,No,No,No,No
2012-08-30,68,89.1,0,0,0,4.47,170,12.97,180,16.11,Yes,No,Yes,No,No,No,No,No,No,No,No,No,No,No,No,No,No
2012-09-02,72,88,1.85,0,0,3.58,340,17,340,23.04,No,No,Yes,Yes,No,No,No,No,No,No,No,Yes,No,No,No,No,No
2012-09-14,63,80.1,0,0,0,1.57,50,8.95,50,12.08,No,No,No,No,No,No,No,No,No,No,No,No,No,No,No,No,No
2012-09-25,48,77,0,0,0,3.13,210,12.08,240,14.99,No,No,No,No,No,No,No,No,No,No,No,No,No,No,No,No,No
2012-10-02,66.9,88,0.12,0,0,7.61,210,12.97,210,17,Yes,No,Yes,Yes,No,No,No,No,No,No,No,No,No,No,No,No,No
2012-10-07,50,64.9,0.23,0,0,6.71,40,17,50,23.04,No,No,No,Yes,No,No,No,Yes,No,No,No,Yes,No,No,No,No,No
2015-04-08,62.1,84,0,0,0,5.82,40,29.97,30,38.03,Yes,No,No,No,No,No,No,No,No,No,Yes,No,No,No,No,No,No
2015-04-20,63,78.1,0.28,0,0,11.86,180,21.92,170,29.08,Yes,No,No,No,No,No,No,No,No,No,No,Yes,No,No,No,No,No
2015-04-26,45,54,0.02,0,0,5.82,50,12.97,40,16.11,Yes,No,No,No,No,No,No,No,No,No,No,No,No,No,No,No,No
2015-04-28,39,69.1,0,0,0,2.68,40,12.08,40,17,No,No,No,No,No,No,No,No,No,No,No,No,No,No,No,No,No
2015-05-03,46.9,79,0,0,0,2.68,200,12.08,210,14.99,Yes,No,No,No,No,No,No,No,No,No,No,No,No,No,No,No,No
2015-05-23,48,80.1,0,0,0,2.91,50,14.99,80,18.12,No,No,No,No,No,No,No,No,No,No,No,No,No,No,No,No,No
2015-05-27,69.1,87.1,0.3,0,0,6.71,180,17,210,21.92,Yes,No,No,No,No,No,No,No,No,No,No,Yes,No,No,No,No,No
2015-05-31,69.1,89.1,0,0,0,6.93,170,12.97,220,19.91,No,No,No,No,No,No,No,No,No,No,No,No,No,No,No,No,No
2015-06-09,66.9,89.1,0.31,0,0,7.61,230,18.12,260,23.94,Yes,No,No,No,No,No,No,No,No,No,No,Yes,No,No,No,No,No
2015-06-13,73.9,95,0,0,0,4.92,40,10.07,310,14.99,No,No,No,No,No,No,No,No,No,No,No,No,No,No,No,No,No
2015-06-22,70,96.1,0,0,0,2.24,210,10.07,210,14.09,No,No,No,No,No,No,No,No,No,No,No,No,No,No,No,No,No
2015-06-28,64,84,0,0,0,5.82,230,16.11,240,23.94,No,No,No,No,No,No,No,No,No,No,No,No,No,No,No,No,No
2015-07-16,72,86,0,0,0,6.71,40,16.11,40,21.03,No,No,No,No,No,No,No,No,No,No,No,No,No,No,No,No,No
2015-07-25,64,88,0,0,0,2.24,130,10.07,150,14.99,Yes,No,No,No,No,No,No,No,No,No,No,No,No,No,No,No,No
2015-07-26,66,89.1,0,0,0,3.13,170,8.95,130,17,No,No,No,No,No,No,No,No,No,No,No,No,No,No,No,No,No
2015-07-27,72,90,0,0,0,4.25,130,10.07,160,14.09,No,No,No,No,No,No,No,No,No,No,No,No,No,No,No,No,No
2015-08-02,64.9,90,0,0,0,3.58,50,12.08,40,14.09,No,No,No,No,No,No,No,No,No,No,No,No,No,No,No,No,No
2015-08-06,71.1,95,1.68,0,0,2.68,230,25.95,220,31.09,Yes,Yes,No,No,No,No,No,No,No,No,No,Yes,No,No,No,No,No
2015-08-19,72,89.1,0.19,0,0,6.49,190,21.92,180,27.96,Yes,No,No,No,No,No,No,No,No,No,No,Yes,No,No,No,No,No
2015-08-21,70,88,0,0,0,5.59,40,16.11,50,21.92,No,No,No,No,No,No,No,No,No,No,No,No,No,No,No,No,No
2015-08-23,61,87.1,0,0,0,1.34,170,8.95,210,23.94,No,No,No,No,No,No,No,No,No,No,No,No,No,No,No,No,No
2015-09-09,71.1,91,0.21,0,0,6.04,230,25.95,240,31.99,Yes,No,No,No,No,No,No,No,No,No,No,Yes,No,No,No,No,No
2015-09-12,68,78.1,0.34,0,0,6.26,260,18.12,270,27.96,Yes,No,No,No,No,No,No,No,No,No,No,No,No,No,No,No,No
2015-09-13,55,75.9,0,0,0,4.25,310,14.09,280,21.92,No,No,No,No,No,No,No,No,No,No,No,No,No,No,No,No,No
2015-09-17,60.1,84,0,0,0,1.57,90,8.95,130,14.99,No,No,No,No,No,No,No,No,No,No,No,No,No,No,No,No,No
2015-09-20,62.1,86,0,0,0,4.7,30,12.97,60,17,No,No,No,No,No,No,No,No,No,No,No,No,No,No,No,No,No
2015-09-24,60.1,75.9,0.2,0,0,9.17,50,18.12,60,25.95,Yes,No,No,No,No,No,No,No,No,No,No,No,No,No,No,No,No
2015-09-27,64,77,0.03,0,0,10.96,40,18.12,40,25.95,Yes,No,No,No,No,No,No,No,No,No,Yes,No,No,No,No,No,No
2015-10-01,57.9,66,0.34,0,0,10.74,50,19.91,50,25.95,Yes,No,No,No,No,No,No,No,No,No,No,No,No,No,No,No,No
2015-10-03,53.1,68,1.23,0,0,12.08,50,19.91,40,29.08,Yes,No,No,No,No,No,No,No,No,No,No,No,No,No,No,No,No
2015-10-17,39,66.9,0,0,0,3.13,350,12.08,340,17,No,No,No,No,No,No,No,No,No,No,No,No,No,No,No,No,No
2015-10-21,37.9,75.9,0,0,0,1.34,230,10.07,240,12.97,Yes,No,No,No,No,No,No,No,No,No,No,No,No,No,No,No,No
2015-10-25,55.9,77,0,0,0,3.8,230,12.97,230,16.11,No,No,No,No,No,No,No,No,No,No,No,No,No,No,No,No,No
2015-11-07,59,72,0.54,0,0,5.37,230,17,340,23.04,Yes,No,No,No,No,No,No,No,No,No,No,No,No,No,No,No,No
2015-11-10,48,69.1,0.22,0,0,1.79,290,10.07,320,14.99,Yes,No,No,No,No,No,No,No,No,No,No,No,No,No,No,No,No
2015-11-12,45,77,0,0,0,7.61,230,23.94,230,31.09,No,No,No,No,No,No,No,No,No,No,No,No,No,No,No,No,No
2015-11-13,44.1,66,0,0,0,5.82,300,16.11,270,23.04,No,No,No,No,No,No,No,No,No,No,No,No,No,No,No,No,No
2015-11-15,31.1,64,0,0,0,0.67,210,6.93,220,8.95,Yes,No,No,No,No,No,No,No,No,No,No,No,No,No,No,No,No
2015-11-17,37.9,66.9,0,0,0,4.25,90,14.09,90,18.12,No,No,No,No,No,No,No,No,No,No,No,No,No,No,No,No,No
2015-11-18,53.1,72,0,0,0,9.4,130,19.91,140,25.05,Yes,No,No,No,No,No,No,No,No,No,No,No,No,No,No,No,No
2015-11-29,48.9,73.9,0.13,0,0,2.01,80,12.08,90,14.09,Yes,No,No,No,No,No,No,No,No,No,No,No,No,No,No,No,No
2015-12-03,39,57.9,0,0,0,4.25,310,12.97,340,23.04,No,No,No,No,No,No,No,No,No,No,No,No,No,No,No,No,No
2015-12-04,33.1,54,0,0,0,2.01,30,10.07,30,14.99,No,No,No,No,No,No,No,No,No,No,No,No,No,No,No,No,No
2015-12-09,42.1,64,0,0,0,4.7,230,16.11,230,21.03,Yes,Yes,No,No,No,No,No,No,No,No,No,No,No,No,No,No,No
2015-12-10,44.1,66.9,0,0,0,3.58,220,12.08,220,14.99,Yes,No,No,No,No,No,No,No,No,No,No,No,No,No,No,No,No
2015-12-18,37,59,0.16,0,0,6.26,300,16.11,310,29.08,Yes,No,No,No,No,No,No,No,No,No,No,No,No,No,No,No,No
2015-12-24,66,77,0.04,0,0,12.75,220,23.04,200,29.97,Yes,No,No,No,No,No,No,No,No,No,No,No,No,No,No,No,No
2015-12-25,64.9,73.9,0,0,0,8.05,230,17,230,21.03,Yes,No,No,No,No,No,No,No,No,No,No,No,No,No,No,No,No
2015-12-26,63,73.9,0.01,0,0,2.91,190,8.95,210,12.08,Yes,No,No,No,No,No,No,No,No,No,No,No,No,No,No,No,No
2016-01-03,31.1,53.1,0,0,0,3.36,260,10.07,260,14.09,No,No,No,No,No,No,No,No,No,No,No,No,No,No,No,No,No
2016-01-10,37,63,0.05,0,0,11.86,240,25.05,240,36.91,Yes,Yes,No,No,No,No,No,No,No,No,No,No,No,No,No,No,No
2016-01-13,27.1,43,0,0,0,3.36,240,12.08,230,18.12,No,No,No,No,No,No,No,No,No,No,No,No,No,No,No,No,No
2016-01-18,22.1,35.1,0,0,0,4.03,300,14.09,310,21.03,No,No,No,No,No,No,No,No,No,No,No,No,No,No,No,No,No
2016-01-24,28.2,46.9,0,0,1.18,2.46,320,10.07,310,16.11,No,No,No,No,No,No,No,No,No,No,No,No,No,No,No,No,No
2016-01-26,35.1,61,0,0,0,6.26,230,17,230,21.03,No,No,No,No,No,No,No,No,No,No,No,No,No,No,No,No,No
2016-01-30,26.2,55.9,0,0,0,5.37,230,14.99,200,19.91,No,No,No,No,No,No,No,No,No,No,No,No,No,No,No,No,No
2016-02-01,46.9,72,0,0,0,9.17,240,21.03,240,25.95,Yes,No,No,No,No,No,No,No,No,No,No,No,No,No,No,No,No
2016-02-03,51.1,72,1.26,0,0,10.51,190,23.94,180,36.01,Yes,Yes,No,No,No,No,No,No,No,No,No,No,No,No,No,No,No
2016-02-07,37,44.1,0,0,0,6.93,20,14.99,20,23.04,No,No,No,No,No,No,No,No,No,No,No,No,No,No,No,No,No
2016-02-11,19.2,41,0,0,0,5.82,280,16.11,260,23.94,No,No,No,No,No,No,No,No,No,No,No,No,No,No,No,No,No
2016-02-13,21.2,34,0,0,0,6.04,300,17,280,25.95,No,No,No,No,No,No,No,No,No,No,No,No,No,No,No,No,No
2016-02-16,35.1,60.1,1.16,0,0,8.05,170,27.96,160,38.92,Yes,Yes,No,No,No,No,No,No,No,No,No,No,No,No,No,No,No
2016-02-21,45,71.1,0.04,0,0,8.5,240,23.04,230,29.97,Yes,Yes,No,No,No,No,No,No,No,No,No,No,No,No,No,No,No
2016-02-23,43,46,0.19,0,0,6.26,60,12.97,60,17,Yes,No,No,No,No,No,No,No,No,No,No,No,No,No,No,No,No
2016-02-28,31.1,66.9,0,0,0,8.28,220,21.03,220,27.96,No,No,No,No,No,No,No,No,No,No,No,No,No,No,No,No,No
2016-03-03,28.2,48.9,0.03,0,0,6.04,110,14.99,120,21.03,Yes,No,No,No,No,No,No,No,No,No,No,No,No,No,No,No,No
2016-03-06,37,57.9,0.04,0,0,3.58,50,17,210,25.05,Yes,No,No,No,No,No,No,No,No,No,No,No,No,No,No,No,No
2016-03-10,57,79,0,0,0,14.32,230,25.05,230,31.09,No,No,No,No,No,No,No,No,No,No,No,No,No,No,No,No,No
2016-03-11,63,80.1,0,0,0,8.95,230,23.04,230,29.08,No,No,No,No,No,No,No,No,No,No,No,No,No,No,No,No,No
2016-03-16,57,86,0,0,0,5.37,260,17,230,23.94,No,No,No,No,No,No,No,No,No,No,No,No,No,No,No,No,No
2016-03-20,39.9,43,0.09,0,0,6.71,30,12.97,20,19.91,Yes,No,No,No,No,No,No,No,No,No,No,No,No,No,No,No,No
2016-03-26,55,64.9,0.06,0,0,6.26,60,16.11,70,19.91,Yes,No,No,No,No,No,No,No,No,No,No,No,No,No,No,No,No
2016-03-30,42.1,69.1,0,0,0,6.93,180,16.11,180,21.03,No,No,No,No,No,No,No,No,No,No,No,No,No,No,No,No,No
2016-04-12,55,64,0.85,0,0,8.5,210,18.12,210,27.96,Yes,No,No,No,No,No,No,No,No,No,No,No,No,No,No,No,No
2016-04-13,45,64,0,0,0,9.17,50,19.91,50,23.04,No,No,No,No,No,No,No,No,No,No,No,No,No,No,No,No,No
2016-04-15,39.9,66.9,0,0,0,9.62,70,21.92,60,29.08,No,No,No,No,No,No,No,No,No,No,No,No,No,No,No,No,No
2016-04-16,35.1,70,0,0,0,4.7,40,16.11,80,21.03,No,No,No,No,No,No,No,No,No,No,No,No,No,No,No,No,No
2016-04-23,61,77,0,0,0,4.92,50,19.91,50,23.94,Yes,No,No,No,No,No,No,No,No,No,No,No,No,No,No,No,No
2016-04-24,50,73.9,0,0,0,4.25,40,12.97,50,18.12,No,No,No,No,No,No,No,No,No,No,No,No,No,No,No,No,No
2016-05-07,50,75,0,0,0,6.26,250,16.11,240,21.92,No,No,No,No,No,No,No,No,No,No,No,No,No,No,No,No,No
2016-05-14,52,82,0,0,0,5.14,240,21.92,230,27.96,Yes,No,No,No,No,No,No,No,No,No,No,No,No,No,No,No,No
2016-05-25,59,87.1,0,0,0,3.8,220,16.11,220,21.03,No,No,No,No,No,No,No,No,No,No,No,No,No,No,No,No,No
2016-05-26,64,89.1,0,0,0,6.71,230,14.99,230,19.91,No,No,No,No,No,No,No,No,No,No,No,No,No,No,No,No,No
2016-06-09,52,82,0,0,0,3.36,240,14.09,240,18.12,No,No,No,No,No,No,No,No,No,No,No,No,No,No,No,No,No
2016-06-13,62.1,84.9,0,0,0,3.13,40,12.97,300,16.11,No,No,No,No,No,No,No,No,No,No,No,No,No,No,No,No,No
2016-06-24,69.1,88,0.1,0,0,2.01,200,14.99,200,19.91,Yes,No,No,No,No,No,No,No,No,No,No,No,No,No,No,No,No
2016-06-26,64,84.9,0,0,0,3.8,80,12.08,80,17,Yes,No,No,No,No,No,No,No,No,No,No,No,No,No,No,No,No
2016-07-13,72,93.9,0,0,0,3.13,240,12.08,320,21.03,No,No,No,No,No,No,No,No,No,No,No,No,No,No,No,No,No
2016-07-16,70,87.1,1.98,0,0,6.26,180,14.99,210,17,Yes,No,No,No,No,No,No,No,No,No,No,Yes,No,No,No,No,No
2016-07-18,72,93,0,0,0,7.38,240,14.09,230,18.12,No,No,No,No,No,No,No,No,No,No,No,No,No,No,No,No,No
2016-07-29,75,91.9,0,0,0,4.92,20,10.07,30,17,No,No,No,No,No,No,No,No,No,No,No,No,No,No,No,No,No
2016-08-06,73.9,93,0,0,0,7.38,230,12.97,250,17,Yes,No,No,No,No,No,No,No,No,No,No,No,No,No,No,No,No
2016-08-08,73,89.1,0.54,0,0,6.71,270,14.99,290,21.03,Yes,No,No,No,No,No,No,No,No,No,No,Yes,No,No,No,No,No
2016-08-21,73.9,93.9,0,0,0,6.26,330,17,310,27.07,Yes,No,No,No,No,No,No,No,No,No,No,Yes,No,No,No,No,No
2016-08-29,69.1,90,0,0,0,5.59,40,12.97,50,17,No,No,No,No,No,No,No,No,No,No,No,No,No,No,No,No,No
2016-08-30,66.9,91.9,0,0,0,4.92,40,14.09,50,18.12,No,No,No,No,No,No,No,No,No,No,No,No,No,No,No,No,No
2016-09-06,61,91,0,0,0,4.03,240,12.97,250,16.11,No,No,No,No,No,No,No,No,No,No,No,No,No,No,No,No,No
2016-09-15,66,90,0,0,0,7.83,40,17,80,21.92,No,No,No,No,No,No,No,No,No,No,No,No,No,No,No,No,No
2016-09-18,71.1,90,0.06,0,0,3.58,100,12.97,150,17,Yes,Yes,No,No,No,No,No,No,No,No,No,Yes,No,No,No,No,No
2016-09-28,66,86,0.45,0,0,5.14,240,21.92,240,29.08,Yes,No,No,No,No,No,No,No,No,No,No,Yes,No,No,No,No,No
2016-09-29,64.9,79,0.32,0,0,6.49,110,18.12,120,23.04,Yes,No,No,No,No,No,No,No,No,No,No,Yes,No,No,No,No,No
2016-10-01,66,84,0,0,0,3.8,240,17,250,23.04,Yes,Yes,No,No,No,No,No,No,No,No,No,No,No,No,No,No,No
2016-10-10,45,68,0,0,0,5.37,40,16.11,30,21.92,No,No,No,No,No,No,No,No,No,No,No,No,No,No,No,No,No
2016-10-12,48,73,0,0,0,1.57,20,8.05,30,12.97,Yes,Yes,No,No,No,No,No,No,No,No,No,No,No,No,No,No,No
2016-10-18,60.1,84,0,0,0,7.61,230,17,250,21.92,No,No,No,No,No,No,No,No,No,No,No,No,No,No,No,No,No
2016-10-20,61,86,0,0,0,3.8,180,12.08,170,18.12,Yes,No,No,No,No,No,No,No,No,No,No,No,No,No,No,No,No
2016-10-23,39.9,70,0,0,0,6.71,230,14.99,220,19.91,No,No,No,No,No,No,No,No,No,No,No,No,No,No,No,No,No
2016-10-25,44.1,66,0,0,0,2.68,70,14.99,50,19.01,No,No,No,No,No,No,No,No,No,No,No,No,No,No,No,No,No
2016-10-26,39,68,0,0,0,1.79,230,10.07,230,12.97,Yes,No,No,No,No,No,No,No,No,No,No,No,No,No,No,No,No
2016-11-04,45,69.1,0.07,0,0,7.16,40,18.12,30,29.08,Yes,No,No,No,No,No,No,No,No,No,No,No,No,No,No,No,No
2016-11-05,37.9,64.9,0,0,0,2.91,90,14.99,90,19.01,No,No,No,No,No,No,No,No,No,No,No,No,No,No,No,No,No
2016-11-06,37,71.1,0,0,0,1.57,30,10.07,30,12.97,Yes,No,No,No,No,No,No,No,No,No,No,No,No,No,No,No,No
2016-11-09,46.9,66.9,0,0,0,5.59,290,17,330,27.07,No,No,No,No,No,No,No,No,No,No,No,No,No,No,No,No,No
2016-11-12,30.2,55,0,0,0,7.83,50,19.91,40,25.05,No,No,No,No,No,No,No,No,No,No,No,No,No,No,No,No,No
2016-11-19,42.1,77,0,0,0,9.17,230,23.94,290,38.03,Yes,No,No,No,No,No,No,No,No,No,Yes,No,No,No,No,No,No
2016-11-20,31.1,53.1,0,0,0,6.49,280,18.12,280,25.05,No,No,No,No,No,No,No,No,No,No,No,No,No,No,No,No,No
2016-11-21,27.1,54,0,0,0,5.14,300,16.11,290,23.04,No,No,No,No,No,No,No,No,No,No,No,No,No,No,No,No,No
2016-11-23,28.2,62.1,0,0,0,3.58,230,10.07,230,14.09,No,No,No,No,No,No,No,No,No,No,No,No,No,No,No,No,No
2016-11-29,57.9,72,0.06,0,0,12.97,200,21.92,160,31.99,Yes,No,No,No,No,No,No,No,No,No,No,No,No,No,No,No,No
2016-12-06,43,48.9,0.56,0,0,7.83,60,14.99,330,21.03,Yes,No,No,No,No,No,No,No,No,No,No,No,No,No,No,No,No
2016-12-07,37,60.1,0,0,0,2.01,20,8.95,30,14.99,Yes,No,No,No,No,No,No,No,No,No,No,No,No,No,No,No,No
2016-12-25,48,60.1,0,0,0,5.14,90,10.07,110,16.11,No,No,No,No,No,No,No,No,No,No,No,No,No,No,No,No,No
2016-12-27,52,68,0.01,0,0,10.29,240,19.91,230,25.95,Yes,Yes,No,No,No,No,No,No,No,No,No,No,No,No,No,No,No
2016-12-31,23.2,50,0,0,0,8.72,220,21.03,230,23.94,No,No,No,No,No,No,No,No,No,No,No,No,No,No,No,No,No
2017-01-06,32,43,0.25,0,0,6.04,40,14.09,40,19.01,Yes,No,No,No,No,Yes,Yes,No,No,No,No,No,No,No,No,No,No
2017-01-08,15.3,27.1,0,0,1.18,4.92,300,14.09,300,21.03,No,No,No,No,No,No,No,No,No,No,No,No,No,No,No,No,No
2017-01-10,24.3,48,0,0,1.18,5.14,170,14.99,170,19.91,No,No,No,No,No,No,No,No,No,No,No,No,No,No,No,No,No
2017-01-12,54,73,0,0,0,12.53,230,27.96,230,35.12,No,No,No,No,No,No,No,No,No,No,No,No,No,No,No,No,No
2017-01-23,43,60.1,0.28,0,0,9.84,80,25.05,80,31.09,Yes,No,No,No,No,No,No,No,No,No,No,No,No,No,No,No,No
2017-01-28,27.1,52,0,0,0,9.4,230,21.92,260,27.96,No,No,No,No,No,No,No,No,No,No,No,No,No,No,No,No,No
2017-01-30,30.2,46,0,0,0,6.26,270,21.03,280,29.08,No,No,No,No,No,No,No,No,No,No,No,No,No,No,No,No,No
2017-02-01,42.1,70,0,0,0,3.8,220,10.07,30,14.09,No,No,No,No,No,No,No,No,No,No,No,No,No,No,No,No,No
2017-02-05,27.1,60.1,0.01,0,0,4.92,220,16.11,280,23.04,No,No,No,No,No,Yes,No,No,No,No,No,No,No,No,No,No,No
2017-02-15,39,55.9,0.34,0,0,5.37,290,14.99,300,25.05,Yes,No,No,No,No,No,No,No,No,No,No,No,No,No,No,No,No
2017-02-19,44.1,73,0,0,0,4.7,250,16.11,240,21.03,No,No,No,No,No,No,No,No,No,No,No,No,No,No,No,No,No
2017-02-20,42.1,73,0,0,0,1.79,90,12.97,290,23.04,No,No,No,No,No,No,No,No,No,No,Yes,No,No,No,No,No,No
2017-02-24,46.9,80.1,0,0,0,3.58,230,14.09,170,17,Yes,No,No,No,No,No,No,No,No,No,No,No,No,No,No,No,No
2017-02-25,52,81,0,0,0,13.2,230,29.97,240,38.92,No,No,No,No,No,No,No,No,No,No,No,No,No,No,No,No,No
2017-02-27,35.1,66,0,0,0,5.37,220,14.99,180,21.03,No,No,No,No,No,No,No,No,No,No,No,No,No,No,No,No,No
2017-02-28,50,77,0,0,0,7.16,220,19.91,210,23.04,No,No,No,No,No,No,No,No,No,No,No,No,No,No,No,No,No
2017-03-08,46,69.1,0.05,0,0,8.5,220,23.04,210,31.99,Yes,No,No,No,No,No,No,No,No,No,No,No,No,No,No,No,No
2017-03-25,52,75.9,0,0,0,10.74,240,21.03,240,27.07,No,No,No,No,No,No,No,No,No,No,No,No,No,No,No,No,No
2017-04-07,43,59,0,0,0,11.86,290,23.94,260,36.01,No,No,No,No,No,No,No,No,No,No,No,No,No,No,No,No,No
2017-04-12,55.9,82.9,0,0,0,4.03,210,14.09,220,19.01,No,No,No,No,No,No,No,No,No,No,No,No,No,No,No,No,No
2017-04-16,60.1,82,0,0,0,12.75,250,23.04,240,31.09,No,No,No,No,No,No,No,No,No,No,Yes,No,No,No,No,No,No
2017-04-22,55.9,87.1,0.09,0,0,9.4,250,25.95,240,35.12,Yes,No,No,No,No,No,No,No,No,No,No,No,No,No,No,No,No
2017-04-23,53.1,55.9,0.77,0,0,11.18,90,21.03,80,27.07,Yes,No,No,No,No,No,No,No,No,No,No,No,No,No,No,No,No
2017-04-24,53.1,60.1,4.51,0,0,10.96,50,21.03,40,25.05,Yes,No,No,No,No,No,No,No,No,No,No,No,No,No,No,No,No
2017-05-04,57,80.1,0.29,0,0,10.74,140,19.91,140,27.96,Yes,No,No,No,No,No,No,No,No,No,No,No,No,No,No,No,No
2017-05-14,48.9,81,0,0,0,7.16,250,17,230,23.94,Yes,No,No,No,No,No,No,No,No,No,No,No,No,No,No,No,No
2011-12-26,34,54,0,0,0,3.36,50,12.08,10,17,No,No,No,No,No,No,No,No,No,No,No,No,No,No,No,No,No
2011-12-28,37.9,53.1,0,0,0,6.49,270,17,270,25.05,No,No,No,No,No,No,No,No,No,No,No,No,No,No,No,No,No
2012-01-05,30,55,0,0,0,3.58,280,14.09,240,17.9,No,No,No,No,No,No,No,No,No,No,No,No,No,No,No,No,No
2012-01-19,27,48.9,0,0,0,6.26,240,14.99,230,21.03,No,No,No,No,No,No,No,No,No,No,No,No,No,No,No,No,No
2012-01-22,32,37,0,0,0,8.05,40,17.9,40,23.04,Yes,No,Yes,No,No,No,No,No,No,No,No,No,No,No,No,No,No
2012-01-23,36,53.1,0,0,0,4.03,180,8.95,190,12.97,Yes,Yes,No,Yes,No,No,No,Yes,No,No,No,No,No,No,No,No,No
2012-01-27,46,69.1,0.22,0,0,11.18,230,31.09,220,40.04,Yes,No,Yes,Yes,No,No,No,No,No,No,No,No,No,No,No,No,No
2012-02-02,48.9,69.1,0.02,0,0,6.71,300,14.09,320,23.94,No,No,No,Yes,No,No,No,Yes,No,No,No,No,No,No,No,No,No
2012-02-04,37.9,55,0.23,0,0,4.03,230,14.09,230,16.11,No,No,Yes,Yes,No,No,No,No,No,No,No,No,No,No,No,No,No
2012-02-13,21.9,52,0,0,0,3.36,230,14.99,230,17,No,No,No,No,No,No,No,No,No,No,No,No,No,No,No,No,No
2012-02-19,33.1,54,0.71,0.91,0,10.51,40,23.04,50,31.09,Yes,No,Yes,Yes,No,No,No,No,Yes,No,No,No,No,No,No,No,No
2012-02-20,30,48.9,0,0,0.98,5.14,50,17,10,25.05,Yes,No,No,No,No,No,No,No,Yes,No,No,No,No,No,No,No,No
2012-02-27,33.1,48.9,0.24,0,0,2.01,250,8.95,240,12.08,Yes,Yes,No,Yes,No,No,No,Yes,No,No,No,No,No,No,No,No,No
2012-02-29,48,71.1,0.05,0,0,9.84,230,25.05,230,31.99,Yes,No,Yes,Yes,No,No,No,Yes,No,No,No,No,No,No,No,No,No
2012-03-07,34,70,0,0,0,7.16,220,19.91,210,25.05,No,No,No,No,No,No,No,No,No,No,No,No,No,No,No,No,No
2012-03-12,42.1,73,0,0,0,8.28,220,19.91,240,23.04,No,No,No,No,No,No,No,No,No,No,No,No,No,No,No,No,No
2012-03-26,53.1,77,0.03,0,0,5.82,40,17.9,40,23.94,No,No,No,Yes,No,No,No,No,No,No,No,No,No,No,No,No,No
2012-03-29,55.9,82.9,0,0,0,6.04,280,17,280,25.05,No,No,No,No,No,No,No,No,No,No,No,No,No,No,No,No,No
2012-03-31,59,75.9,0.27,0,0,6.26,80,17.9,80,21.92,No,No,Yes,Yes,No,No,No,No,No,No,No,Yes,No,No,No,No,No
2012-04-06,39.9,63,0.05,0,0,6.93,40,19.91,20,27.96,No,No,No,Yes,No,No,No,No,No,No,No,No,No,No,No,No,No
